"iso","umd_tree_cover_extent_2000__ha","area__ha"
"MYS",15942483.28362703220856250,15950084.59983596823602398
