"iso","umd_tree_cover_extent_2000__ha","area__ha"
"MYS",29444768.36877254484796852,32957849.02358720303031572
